{"cameraMode":{"drawMode":0,"name":"Shaded","section":"Shading Mode"},"sceneLighting":true,"audioPlay":false,"sceneViewState":{"m_AlwaysRefresh":false,"showFog":true,"showSkybox":true,"showFlares":true,"showImageEffects":true,"showParticleSystems":true,"showVisualEffectGraphs":true,"m_FxEnabled":true},"in2DMode":false,"pivot":{"x":0.8648557662963867,"y":4.1901631355285648,"z":-10.424186706542969},"rotation":{"x":-0.12001970410346985,"y":0.0005927238962613046,"z":-0.00007169044693000615,"w":-0.9927718639373779},"size":3.007394790649414,"orthographic":false}