{"cameraMode":{"drawMode":0,"name":"Shaded","section":"Shading Mode"},"sceneLighting":true,"audioPlay":false,"sceneViewState":{"m_AlwaysRefresh":false,"showFog":true,"showSkybox":true,"showFlares":true,"showImageEffects":true,"showParticleSystems":true,"showVisualEffectGraphs":true,"m_FxEnabled":true},"in2DMode":false,"pivot":{"x":1.4354454278945923,"y":2.9286017417907717,"z":-5.282107830047607},"rotation":{"x":-0.12001970410346985,"y":0.0005927238962613046,"z":-0.00007169044693000615,"w":-0.9927718639373779},"size":3.007394790649414,"orthographic":false}